lhs_row_id,capacity_multiplier,popularity_source,w_rel,w_rec,w_gossip,audience_size,program_variant,policy,replicate,metric_mean_overload_excess,metric_mean_user_utility,metric_overflow_rate_slothall,metric_hall_utilization_variance,metric_n_skipped,metric_n_users
0,0.8631435631172385,cosine_only,0.01745384704197178,0.5203343679348198,0.4622117850232084,100,0,no_policy,1,0.15804597701149428,-0.007865186660637846,0.475,0.023098603954727615,183,1600
0,0.8631435631172385,cosine_only,0.01745384704197178,0.5203343679348198,0.4622117850232084,100,0,cosine,1,0.1810344827586207,0.001985294512560358,0.55,0.02838331791958427,183,1600
0,0.8631435631172385,cosine_only,0.01745384704197178,0.5203343679348198,0.4622117850232084,100,0,capacity_aware,1,0.08045977011494253,0.0007604617647302802,0.575,0.006914167437354118,183,1600
0,0.8631435631172385,cosine_only,0.01745384704197178,0.5203343679348198,0.4622117850232084,100,0,no_policy,2,0.1810344827586207,-0.009676996279449668,0.575,0.022482053992161008,172,1600
0,0.8631435631172385,cosine_only,0.01745384704197178,0.5203343679348198,0.4622117850232084,100,0,cosine,2,0.24425287356321837,0.00032003965767216867,0.5,0.03245695160082794,172,1600
0,0.8631435631172385,cosine_only,0.01745384704197178,0.5203343679348198,0.4622117850232084,100,0,capacity_aware,2,0.08333333333333333,-0.0010666221712017432,0.625,0.005703087153741138,172,1600
0,0.8631435631172385,cosine_only,0.01745384704197178,0.5203343679348198,0.4622117850232084,100,0,no_policy,3,0.264367816091954,-0.0052551973362278655,0.575,0.06143479984145859,167,1600
0,0.8631435631172385,cosine_only,0.01745384704197178,0.5203343679348198,0.4622117850232084,100,0,cosine,3,0.25862068965517243,0.004744415140739875,0.475,0.05007266481701677,167,1600
0,0.8631435631172385,cosine_only,0.01745384704197178,0.5203343679348198,0.4622117850232084,100,0,capacity_aware,3,0.09195402298850573,0.0008930987784697208,0.525,0.0040295943982031944,167,1600
1,0.7440018671620189,cosine_only,0.34577083010066767,0.47969005654680413,0.17453911335252825,100,0,no_policy,1,0.33666666666666667,-0.0022779319281835343,0.85,0.030548148148148147,183,1600
1,0.7440018671620189,cosine_only,0.34577083010066767,0.47969005654680413,0.17453911335252825,100,0,cosine,1,0.3566666666666667,0.006414306134611252,0.825,0.032948148148148136,183,1600
1,0.7440018671620189,cosine_only,0.34577083010066767,0.47969005654680413,0.17453911335252825,100,0,capacity_aware,1,0.28,0.003800616878361325,0.925,0.008859259259259258,183,1600
1,0.7440018671620189,cosine_only,0.34577083010066767,0.47969005654680413,0.17453911335252825,100,0,no_policy,2,0.37333333333333335,-0.005264313816951471,0.825,0.03202962962962963,172,1600
1,0.7440018671620189,cosine_only,0.34577083010066767,0.47969005654680413,0.17453911335252825,100,0,cosine,2,0.35999999999999993,0.005982969866963685,0.825,0.026074074074074072,172,1600
1,0.7440018671620189,cosine_only,0.34577083010066767,0.47969005654680413,0.17453911335252825,100,0,capacity_aware,2,0.2866666666666667,0.001802600727896788,0.95,0.009096296296296295,172,1600
1,0.7440018671620189,cosine_only,0.34577083010066767,0.47969005654680413,0.17453911335252825,100,0,no_policy,3,0.4033333333333334,-0.004536026344649145,0.775,0.04586666666666667,167,1600
1,0.7440018671620189,cosine_only,0.34577083010066767,0.47969005654680413,0.17453911335252825,100,0,cosine,3,0.43,0.00641430267765827,0.725,0.04755555555555555,167,1600
1,0.7440018671620189,cosine_only,0.34577083010066767,0.47969005654680413,0.17453911335252825,100,0,capacity_aware,3,0.30666666666666664,0.00361489136084856,0.95,0.010488888888888888,167,1600
2,1.4386248122399263,cosine_only,0.43752461081998345,0.1398362019676277,0.42263918721238886,100,0,no_policy,1,0.0,-0.004166680873167934,0.0,0.005707498418868681,183,1600
2,1.4386248122399263,cosine_only,0.43752461081998345,0.1398362019676277,0.42263918721238886,100,0,cosine,1,0.0,-0.0009691297430254053,0.0,0.009224551498603975,183,1600
2,1.4386248122399263,cosine_only,0.43752461081998345,0.1398362019676277,0.42263918721238886,100,0,capacity_aware,1,0.0,-0.0013340898502792698,0.0,0.0060314375183179855,183,1600
2,1.4386248122399263,cosine_only,0.43752461081998345,0.1398362019676277,0.42263918721238886,100,0,no_policy,2,0.0,-0.003266015221743146,0.0,0.009378808212627454,172,1600
2,1.4386248122399263,cosine_only,0.43752461081998345,0.1398362019676277,0.42263918721238886,100,0,cosine,2,0.0,-0.0010278110903163907,0.0,0.012942138306569794,172,1600
2,1.4386248122399263,cosine_only,0.43752461081998345,0.1398362019676277,0.42263918721238886,100,0,capacity_aware,2,0.0,-0.0011639858868147711,0.0,0.008939176577660543,172,1600
2,1.4386248122399263,cosine_only,0.43752461081998345,0.1398362019676277,0.42263918721238886,100,0,no_policy,3,0.008503401360544218,-0.007009611991088604,0.025,0.020755240871858944,167,1600
2,1.4386248122399263,cosine_only,0.43752461081998345,0.1398362019676277,0.42263918721238886,100,0,cosine,3,0.00510204081632653,-0.004192130084993551,0.025,0.019899116109028645,167,1600
2,1.4386248122399263,cosine_only,0.43752461081998345,0.1398362019676277,0.42263918721238886,100,0,capacity_aware,3,0.0,-0.004407240321306745,0.0,0.013374057105835531,167,1600
3,0.5137730176759356,cosine_only,0.5704121093160521,0.07080750430997948,0.35878038637396836,100,0,no_policy,1,0.9950980392156863,-0.003965066989476327,1.0,0.0720235806740997,183,1600
3,0.5137730176759356,cosine_only,0.5704121093160521,0.07080750430997948,0.35878038637396836,100,0,cosine,1,0.9901960784313726,-0.0017132537346333265,1.0,0.06817890554914775,183,1600
3,0.5137730176759356,cosine_only,0.5704121093160521,0.07080750430997948,0.35878038637396836,100,0,capacity_aware,1,0.9705882352941174,-0.0029384397610556336,1.0,0.06145072408048185,183,1600
3,0.5137730176759356,cosine_only,0.5704121093160521,0.07080750430997948,0.35878038637396836,100,0,no_policy,2,1.0392156862745099,-0.005718845432420494,1.0,0.07388184031782646,172,1600
3,0.5137730176759356,cosine_only,0.5704121093160521,0.07080750430997948,0.35878038637396836,100,0,cosine,2,1.058823529411765,-0.00498150682382402,1.0,0.08714596949891067,172,1600
3,0.5137730176759356,cosine_only,0.5704121093160521,0.07080750430997948,0.35878038637396836,100,0,capacity_aware,2,1.0245098039215685,-0.00553492964580073,1.0,0.0663847238241702,172,1600
3,0.5137730176759356,cosine_only,0.5704121093160521,0.07080750430997948,0.35878038637396836,100,0,no_policy,3,1.0980392156862744,-0.0030193575482553568,0.975,0.12437524029219532,167,1600
3,0.5137730176759356,cosine_only,0.5704121093160521,0.07080750430997948,0.35878038637396836,100,0,cosine,3,1.093137254901961,-0.0009495711660565576,0.975,0.11687812379853901,167,1600
3,0.5137730176759356,cosine_only,0.5704121093160521,0.07080750430997948,0.35878038637396836,100,0,capacity_aware,3,1.053921568627451,-0.001200523135412368,0.975,0.08919646289888505,167,1600
4,1.10996409054304,cosine_only,0.34603990499618204,0.1604169731672632,0.49354312183655474,100,0,no_policy,1,0.0021929824561403508,-0.0032572497056389694,0.025,0.012260182620293422,183,1600
4,1.10996409054304,cosine_only,0.34603990499618204,0.1604169731672632,0.49354312183655474,100,0,cosine,1,0.006578947368421052,5.948179532424547e-05,0.025,0.016953934543962247,183,1600
4,1.10996409054304,cosine_only,0.34603990499618204,0.1604169731672632,0.49354312183655474,100,0,capacity_aware,1,0.0,-0.0005309767833387014,0.0,0.01083666769262337,183,1600
4,1.10996409054304,cosine_only,0.34603990499618204,0.1604169731672632,0.49354312183655474,100,0,no_policy,2,0.006578947368421052,-0.0019898853258928286,0.025,0.01617164255668411,172,1600
4,1.10996409054304,cosine_only,0.34603990499618204,0.1604169731672632,0.49354312183655474,100,0,cosine,2,0.008771929824561403,0.0009320510318502784,0.05,0.0164024828152252,172,1600
4,1.10996409054304,cosine_only,0.34603990499618204,0.1604169731672632,0.49354312183655474,100,0,capacity_aware,2,0.0021929824561403508,0.0009074291097931564,0.025,0.011824151020826922,172,1600
4,1.10996409054304,cosine_only,0.34603990499618204,0.1604169731672632,0.49354312183655474,100,0,no_policy,3,0.03728070175438596,-0.005625154507724801,0.05,0.03420283164050477,167,1600
4,1.10996409054304,cosine_only,0.34603990499618204,0.1604169731672632,0.49354312183655474,100,0,cosine,3,0.019736842105263157,-0.00285961582660093,0.025,0.024392120652508464,167,1600
4,1.10996409054304,cosine_only,0.34603990499618204,0.1604169731672632,0.49354312183655474,100,0,capacity_aware,3,0.013157894736842105,-0.003657912186317844,0.025,0.015081563558017852,167,1600
5,1.249500830570573,cosine_only,0.45618165792382054,0.5034523047856195,0.04036603729055995,100,0,no_policy,1,0.0,5.144506983924657e-05,0.0,0.006634752666498697,183,1600
5,1.249500830570573,cosine_only,0.45618165792382054,0.5034523047856195,0.04036603729055995,100,0,cosine,1,0.0,0.00827155675535323,0.0,0.011169900058788948,183,1600
5,1.249500830570573,cosine_only,0.45618165792382054,0.5034523047856195,0.04036603729055995,100,0,capacity_aware,1,0.0,0.007702922434837092,0.0,0.004871084236163601,183,1600
5,1.249500830570573,cosine_only,0.45618165792382054,0.5034523047856195,0.04036603729055995,100,0,no_policy,2,0.0,-0.001080104051361559,0.0,0.009773662551440328,172,1600
5,1.249500830570573,cosine_only,0.45618165792382054,0.5034523047856195,0.04036603729055995,100,0,cosine,2,0.0,0.009897618601244176,0.0,0.009868144788779709,172,1600
5,1.249500830570573,cosine_only,0.45618165792382054,0.5034523047856195,0.04036603729055995,100,0,capacity_aware,2,0.0,0.009725481474160915,0.0,0.004671621735113798,172,1600
5,1.249500830570573,cosine_only,0.45618165792382054,0.5034523047856195,0.04036603729055995,100,0,no_policy,3,0.00992063492063492,-0.005725241884647403,0.025,0.015085663895187706,167,1600
5,1.249500830570573,cosine_only,0.45618165792382054,0.5034523047856195,0.04036603729055995,100,0,cosine,3,0.007936507936507936,0.0042109408808755685,0.025,0.018550012597631647,167,1600
5,1.249500830570573,cosine_only,0.45618165792382054,0.5034523047856195,0.04036603729055995,100,0,capacity_aware,3,0.0,0.003376409204793163,0.0,0.005857898715041571,167,1600
6,0.853613041994632,cosine_only,0.8041860356780649,0.08741585871512286,0.10839810560681226,100,0,no_policy,1,0.1752873563218391,-0.0032575869269203393,0.475,0.02494825384242744,183,1600
6,0.853613041994632,cosine_only,0.8041860356780649,0.08741585871512286,0.10839810560681226,100,0,cosine,1,0.1925287356321839,-0.0010907852327363798,0.5,0.02990267318448056,183,1600
6,0.853613041994632,cosine_only,0.8041860356780649,0.08741585871512286,0.10839810560681226,100,0,capacity_aware,1,0.15517241379310345,-0.002037829743421753,0.5,0.021513189765270616,183,1600
6,0.853613041994632,cosine_only,0.8041860356780649,0.08741585871512286,0.10839810560681226,100,0,no_policy,2,0.20114942528735635,-0.003735326675086981,0.575,0.02525652882371075,172,1600
6,0.853613041994632,cosine_only,0.8041860356780649,0.08741585871512286,0.10839810560681226,100,0,cosine,2,0.23275862068965517,-0.0011525795294437557,0.5,0.030607301713128112,172,1600
6,0.853613041994632,cosine_only,0.8041860356780649,0.08741585871512286,0.10839810560681226,100,0,capacity_aware,2,0.1954022988505747,-0.0014058513195777777,0.55,0.02380323248337517,172,1600
6,0.853613041994632,cosine_only,0.8041860356780649,0.08741585871512286,0.10839810560681226,100,0,no_policy,3,0.20689655172413793,0.0006194639676687075,0.575,0.02926410358039372,167,1600
6,0.853613041994632,cosine_only,0.8041860356780649,0.08741585871512286,0.10839810560681226,100,0,cosine,3,0.2298850574712644,0.003197578376202728,0.55,0.03369005152596116,167,1600
6,0.853613041994632,cosine_only,0.8041860356780649,0.08741585871512286,0.10839810560681226,100,0,capacity_aware,3,0.1752873563218391,0.0022068804289301623,0.55,0.019949795217333862,167,1600
7,0.6656210497072065,cosine_only,0.5258386404530614,0.29683368567129187,0.17732767387564674,100,0,no_policy,1,0.4239130434782609,-0.006085252043849323,0.925,0.025589862073794017,183,1600
7,0.6656210497072065,cosine_only,0.5258386404530614,0.29683368567129187,0.17732767387564674,100,0,cosine,1,0.47463768115942034,7.185746682807803e-05,0.9,0.036511937268080934,183,1600
7,0.6656210497072065,cosine_only,0.5258386404530614,0.29683368567129187,0.17732767387564674,100,0,capacity_aware,1,0.3876811594202898,-0.0012198895253823139,0.975,0.01382762724917734,183,1600
7,0.6656210497072065,cosine_only,0.5258386404530614,0.29683368567129187,0.17732767387564674,100,0,no_policy,2,0.49999999999999994,-0.0010542499031726037,0.9,0.038787369600224046,172,1600
7,0.6656210497072065,cosine_only,0.5258386404530614,0.29683368567129187,0.17732767387564674,100,0,cosine,2,0.467391304347826,0.006999541069744737,0.925,0.030700833158300075,172,1600
7,0.6656210497072065,cosine_only,0.5258386404530614,0.29683368567129187,0.17732767387564674,100,0,capacity_aware,2,0.4384057971014493,0.005105909611229436,1.0,0.016523139396485326,172,1600
7,0.6656210497072065,cosine_only,0.5258386404530614,0.29683368567129187,0.17732767387564674,100,0,no_policy,3,0.5471014492753623,-0.004593365110922605,0.875,0.06826296996429322,167,1600
7,0.6656210497072065,cosine_only,0.5258386404530614,0.29683368567129187,0.17732767387564674,100,0,cosine,3,0.5579710144927535,0.0007301022557658143,0.875,0.06521739130434782,167,1600
7,0.6656210497072065,cosine_only,0.5258386404530614,0.29683368567129187,0.17732767387564674,100,0,capacity_aware,3,0.4492753623188405,-0.001674306472268654,1.0,0.019848771266540634,167,1600
8,0.6518255142166365,cosine_only,0.40334872093927066,0.5850432165538763,0.011608062506853103,100,0,no_policy,1,0.5075757575757576,-0.005882292979804333,0.95,0.03359351086623815,183,1600
8,0.6518255142166365,cosine_only,0.40334872093927066,0.5850432165538763,0.011608062506853103,100,0,cosine,1,0.5378787878787878,0.0062841329566435886,0.925,0.03761095806550351,183,1600
8,0.6518255142166365,cosine_only,0.40334872093927066,0.5850432165538763,0.011608062506853103,100,0,capacity_aware,1,0.4507575757575757,0.002770479151804466,1.0,0.011095806550352005,183,1600
8,0.6518255142166365,cosine_only,0.40334872093927066,0.5850432165538763,0.011608062506853103,100,0,no_policy,2,0.5530303030303031,-0.003483049614224001,0.975,0.03504744413835322,172,1600
8,0.6518255142166365,cosine_only,0.40334872093927066,0.5850432165538763,0.011608062506853103,100,0,cosine,2,0.5378787878787878,0.008134688186328277,0.925,0.03872053872053872,172,1600
8,0.6518255142166365,cosine_only,0.40334872093927066,0.5850432165538763,0.011608062506853103,100,0,capacity_aware,2,0.4583333333333333,0.0062151509330578844,1.0,0.011861034588307314,172,1600
8,0.6518255142166365,cosine_only,0.40334872093927066,0.5850432165538763,0.011608062506853103,100,0,no_policy,3,0.587121212121212,-0.002862983375234762,0.95,0.056014692378328734,167,1600
8,0.6518255142166365,cosine_only,0.40334872093927066,0.5850432165538763,0.011608062506853103,100,0,cosine,3,0.5227272727272726,0.008760966888075927,0.95,0.03248393021120293,167,1600
8,0.6518255142166365,cosine_only,0.40334872093927066,0.5850432165538763,0.011608062506853103,100,0,capacity_aware,3,0.4659090909090909,0.006099127425986808,1.0,0.014348025711662075,167,1600
9,1.387352328761782,cosine_only,0.3335785671808156,0.035536791079756117,0.6308846417394283,100,0,no_policy,1,0.0,-0.004012531540065538,0.0,0.011459852790771758,183,1600
9,1.387352328761782,cosine_only,0.3335785671808156,0.035536791079756117,0.6308846417394283,100,0,cosine,1,0.0,-0.00322685552702751,0.0,0.01156045135221233,183,1600
9,1.387352328761782,cosine_only,0.3335785671808156,0.035536791079756117,0.6308846417394283,100,0,capacity_aware,1,0.0,-0.0032393948442768303,0.0,0.009749677246282045,183,1600
9,1.387352328761782,cosine_only,0.3335785671808156,0.035536791079756117,0.6308846417394283,100,0,no_policy,2,0.0,-0.004205238452777848,0.0,0.011350871015877805,172,1600
9,1.387352328761782,cosine_only,0.3335785671808156,0.035536791079756117,0.6308846417394283,100,0,cosine,2,0.0,-0.0034492259965190897,0.0,0.01067183072615395,172,1600
9,1.387352328761782,cosine_only,0.3335785671808156,0.035536791079756117,0.6308846417394283,100,0,capacity_aware,2,0.0,-0.0035640449394850294,0.0,0.010520932883993092,172,1600
9,1.387352328761782,cosine_only,0.3335785671808156,0.035536791079756117,0.6308846417394283,100,0,no_policy,3,0.0070921985815602835,-0.006248148127924651,0.025,0.020597555454956992,167,1600
9,1.387352328761782,cosine_only,0.3335785671808156,0.035536791079756117,0.6308846417394283,100,0,cosine,3,0.005319148936170213,-0.005774756488681305,0.025,0.019314923796589712,167,1600
9,1.387352328761782,cosine_only,0.3335785671808156,0.035536791079756117,0.6308846417394283,100,0,capacity_aware,3,0.0,-0.005798292591061909,0.0,0.01825863890146371,167,1600
10,0.8948598150314061,cosine_only,0.22397771438348552,0.4056830293418639,0.37033925627465064,100,0,no_policy,1,0.11944444444444445,-0.004802539131051162,0.4,0.019794238683127574,183,1600
10,0.8948598150314061,cosine_only,0.22397771438348552,0.4056830293418639,0.37033925627465064,100,0,cosine,1,0.15833333333333335,0.003828489309817087,0.45,0.025843621399176953,183,1600
10,0.8948598150314061,cosine_only,0.22397771438348552,0.4056830293418639,0.37033925627465064,100,0,capacity_aware,1,0.05555555555555555,0.001498473777610343,0.3,0.00683127572016461,183,1600
10,0.8948598150314061,cosine_only,0.22397771438348552,0.4056830293418639,0.37033925627465064,100,0,no_policy,2,0.14444444444444443,-0.00504759332339745,0.45,0.022366255144032926,172,1600
10,0.8948598150314061,cosine_only,0.22397771438348552,0.4056830293418639,0.37033925627465064,100,0,cosine,2,0.1638888888888889,0.004043891690671444,0.475,0.02971193415637861,172,1600
10,0.8948598150314061,cosine_only,0.22397771438348552,0.4056830293418639,0.37033925627465064,100,0,capacity_aware,2,0.07222222222222222,0.0009533919734531082,0.4,0.006316872427983541,172,1600
10,0.8948598150314061,cosine_only,0.22397771438348552,0.4056830293418639,0.37033925627465064,100,0,no_policy,3,0.19999999999999998,-0.0057776439987355845,0.525,0.04808641975308642,167,1600
10,0.8948598150314061,cosine_only,0.22397771438348552,0.4056830293418639,0.37033925627465064,100,0,cosine,3,0.18611111111111114,0.0017315314285224303,0.525,0.03728395061728395,167,1600
10,0.8948598150314061,cosine_only,0.22397771438348552,0.4056830293418639,0.37033925627465064,100,0,capacity_aware,3,0.06944444444444443,-0.00036773985484614966,0.475,0.005617283950617283,167,1600
11,0.7730121088988093,cosine_only,0.5327755443263993,0.33488050534299146,0.13234395033060925,100,0,no_policy,1,0.25961538461538464,-0.004583132118641515,0.825,0.02281941705018628,183,1600
11,0.7730121088988093,cosine_only,0.5327755443263993,0.33488050534299146,0.13234395033060925,100,0,cosine,1,0.3141025641025641,0.0015629307644121583,0.775,0.03547556432171817,183,1600
11,0.7730121088988093,cosine_only,0.5327755443263993,0.33488050534299146,0.13234395033060925,100,0,capacity_aware,1,0.22115384615384617,-0.0011388372844521656,0.875,0.008355248739864122,183,1600
11,0.7730121088988093,cosine_only,0.5327755443263993,0.33488050534299146,0.13234395033060925,100,0,no_policy,2,0.3429487179487179,-0.0038357965281466022,0.75,0.034461976769669084,172,1600
11,0.7730121088988093,cosine_only,0.5327755443263993,0.33488050534299146,0.13234395033060925,100,0,cosine,2,0.3397435897435897,0.0028214157343609257,0.8,0.03339360070129301,172,1600
11,0.7730121088988093,cosine_only,0.5327755443263993,0.33488050534299146,0.13234395033060925,100,0,capacity_aware,2,0.25,0.0010234509813017213,0.875,0.011615165461319306,172,1600
11,0.7730121088988093,cosine_only,0.5327755443263993,0.33488050534299146,0.13234395033060925,100,0,no_policy,3,0.35897435897435903,-0.004675392793724313,0.725,0.04602235371466141,167,1600
11,0.7730121088988093,cosine_only,0.5327755443263993,0.33488050534299146,0.13234395033060925,100,0,cosine,3,0.3301282051282051,0.003914562889258377,0.8,0.0425706771860618,167,1600
11,0.7730121088988093,cosine_only,0.5327755443263993,0.33488050534299146,0.13234395033060925,100,0,capacity_aware,3,0.26282051282051283,0.0017147301850491204,0.9,0.012491781722550952,167,1600
12,0.9491055955513588,cosine_only,0.28071875870237406,0.6241404590155623,0.09514078228206367,100,0,no_policy,1,0.057291666666666664,-0.0034124886855715886,0.225,0.016583478009259255,183,1600
12,0.9491055955513588,cosine_only,0.28071875870237406,0.6241404590155623,0.09514078228206367,100,0,cosine,1,0.08854166666666667,0.010312842371349688,0.275,0.027108651620370367,183,1600
12,0.9491055955513588,cosine_only,0.28071875870237406,0.6241404590155623,0.09514078228206367,100,0,capacity_aware,1,0.013020833333333334,0.008348676481691655,0.125,0.007414641203703704,183,1600
12,0.9491055955513588,cosine_only,0.28071875870237406,0.6241404590155623,0.09514078228206367,100,0,no_policy,2,0.078125,-0.008463213721261126,0.225,0.01765046296296296,172,1600
12,0.9491055955513588,cosine_only,0.28071875870237406,0.6241404590155623,0.09514078228206367,100,0,cosine,2,0.109375,0.005981191186874639,0.275,0.02372685185185185,172,1600
12,0.9491055955513588,cosine_only,0.28071875870237406,0.6241404590155623,0.09514078228206367,100,0,capacity_aware,2,0.013020833333333334,0.004386104810400866,0.075,0.005280671296296296,172,1600
12,0.9491055955513588,cosine_only,0.28071875870237406,0.6241404590155623,0.09514078228206367,100,0,no_policy,3,0.1015625,-0.0038975097951333736,0.275,0.025336371527777776,167,1600
12,0.9491055955513588,cosine_only,0.28071875870237406,0.6241404590155623,0.09514078228206367,100,0,cosine,3,0.06510416666666667,0.007559625246140058,0.225,0.017306857638888888,167,1600
12,0.9491055955513588,cosine_only,0.28071875870237406,0.6241404590155623,0.09514078228206367,100,0,capacity_aware,3,0.015625,0.005701504228272825,0.1,0.004448784722222222,167,1600
13,0.5663108878334779,cosine_only,0.6847116849394436,0.2447748369406085,0.07051347811994792,100,0,no_policy,1,0.7543859649122807,-0.0032889021307346412,0.975,0.044270031804657835,183,1600
13,0.5663108878334779,cosine_only,0.6847116849394436,0.2447748369406085,0.07051347811994792,100,0,cosine,1,0.7543859649122807,0.001093258625769522,1.0,0.03442084744023802,183,1600
13,0.5663108878334779,cosine_only,0.6847116849394436,0.2447748369406085,0.07051347811994792,100,0,capacity_aware,1,0.706140350877193,-0.00038116876647109165,1.0,0.022109366984713247,183,1600
13,0.5663108878334779,cosine_only,0.6847116849394436,0.2447748369406085,0.07051347811994792,100,0,no_policy,2,0.8289473684210527,0.002046948894421803,1.0,0.05499127936801066,172,1600
13,0.5663108878334779,cosine_only,0.6847116849394436,0.2447748369406085,0.07051347811994792,100,0,cosine,2,0.8245614035087719,0.007448728531744564,1.0,0.05853082999897404,172,1600
13,0.5663108878334779,cosine_only,0.6847116849394436,0.2447748369406085,0.07051347811994792,100,0,capacity_aware,2,0.75,0.006006754946574802,1.0,0.03683184569611162,172,1600
13,0.5663108878334779,cosine_only,0.6847116849394436,0.2447748369406085,0.07051347811994792,100,0,no_policy,3,0.837719298245614,-0.0023975652532681126,1.0,0.0641735918744229,167,1600
13,0.5663108878334779,cosine_only,0.6847116849394436,0.2447748369406085,0.07051347811994792,100,0,cosine,3,0.7982456140350876,0.0034473648264975055,1.0,0.053862726992920884,167,1600
13,0.5663108878334779,cosine_only,0.6847116849394436,0.2447748369406085,0.07051347811994792,100,0,capacity_aware,3,0.7543859649122805,0.00267722995391523,1.0,0.032471529701446594,167,1600
14,0.5178202147107547,cosine_only,0.5707947022568376,0.12085567093861324,0.3083496268045492,100,0,no_policy,1,0.8796296296296294,-0.0029971160250715913,1.0,0.05635573845450389,183,1600
14,0.5178202147107547,cosine_only,0.5707947022568376,0.12085567093861324,0.3083496268045492,100,0,cosine,1,0.8472222222222223,-0.0008435527657275088,1.0,0.05412665752171924,183,1600
14,0.5178202147107547,cosine_only,0.5707947022568376,0.12085567093861324,0.3083496268045492,100,0,capacity_aware,1,0.8240740740740741,-0.0023425918343127706,1.0,0.042981252857796054,183,1600
14,0.5178202147107547,cosine_only,0.5707947022568376,0.12085567093861324,0.3083496268045492,100,0,no_policy,2,0.9398148148148148,-0.0020804955963831164,1.0,0.06898719707361682,172,1600
14,0.5178202147107547,cosine_only,0.5707947022568376,0.12085567093861324,0.3083496268045492,100,0,cosine,2,0.9166666666666669,-7.097851943399291e-05,0.975,0.06915866483767717,172,1600
14,0.5178202147107547,cosine_only,0.5707947022568376,0.12085567093861324,0.3083496268045492,100,0,capacity_aware,2,0.8703703703703703,-0.0009926589790120487,1.0,0.04635345221764975,172,1600
14,0.5178202147107547,cosine_only,0.5707947022568376,0.12085567093861324,0.3083496268045492,100,0,no_policy,3,0.9907407407407408,-0.0018321186330285855,0.975,0.11385459533607682,167,1600
14,0.5178202147107547,cosine_only,0.5707947022568376,0.12085567093861324,0.3083496268045492,100,0,cosine,3,0.9537037037037036,-0.0006059825621196069,0.975,0.08401920438957476,167,1600
14,0.5178202147107547,cosine_only,0.5707947022568376,0.12085567093861324,0.3083496268045492,100,0,capacity_aware,3,0.8888888888888888,-0.0007958683991455473,1.0,0.0660150891632373,167,1600
15,0.8334621290519506,cosine_only,0.45910757404077296,0.1921612585153949,0.34873116744383215,100,0,no_policy,1,0.18452380952380953,-0.006196748258444132,0.7,0.020809712773998488,183,1600
15,0.8334621290519506,cosine_only,0.45910757404077296,0.1921612585153949,0.34873116744383215,100,0,cosine,1,0.22916666666666666,-0.00308716592095152,0.65,0.03009259259259259,183,1600
15,0.8334621290519506,cosine_only,0.45910757404077296,0.1921612585153949,0.34873116744383215,100,0,capacity_aware,1,0.1607142857142857,-0.004119411348146969,0.7,0.012164588057445198,183,1600
15,0.8334621290519506,cosine_only,0.45910757404077296,0.1921612585153949,0.34873116744383215,100,0,no_policy,2,0.2261904761904762,-0.005944263112178305,0.625,0.02510865457294029,172,1600
15,0.8334621290519506,cosine_only,0.45910757404077296,0.1921612585153949,0.34873116744383215,100,0,cosine,2,0.22916666666666666,-0.000952361007075524,0.675,0.027588813303099022,172,1600
15,0.8334621290519506,cosine_only,0.45910757404077296,0.1921612585153949,0.34873116744383215,100,0,capacity_aware,2,0.1994047619047619,-0.002916431183257373,0.725,0.016038359788359786,172,1600
15,0.8334621290519506,cosine_only,0.45910757404077296,0.1921612585153949,0.34873116744383215,100,0,no_policy,3,0.2827380952380953,-0.006257408329038299,0.65,0.05009920634920636,167,1600
15,0.8334621290519506,cosine_only,0.45910757404077296,0.1921612585153949,0.34873116744383215,100,0,cosine,3,0.3005952380952381,-0.0007579720784997335,0.575,0.0536422902494331,167,1600
15,0.8334621290519506,cosine_only,0.45910757404077296,0.1921612585153949,0.34873116744383215,100,0,capacity_aware,3,0.1994047619047619,-0.002182194438573788,0.65,0.01998299319727891,167,1600
16,1.093192853161011,cosine_only,0.5398721810075813,0.3756134759616675,0.08451434303075119,100,0,no_policy,1,0.0,-0.0028391039944108344,0.0,0.013418824229635043,183,1600
16,1.093192853161011,cosine_only,0.5398721810075813,0.3756134759616675,0.08451434303075119,100,0,cosine,1,0.0045045045045045045,0.0029045891451096395,0.025,0.01772042312582853,183,1600
16,1.093192853161011,cosine_only,0.5398721810075813,0.3756134759616675,0.08451434303075119,100,0,capacity_aware,1,0.0,0.0018447074158029863,0.0,0.007818629440251064,183,1600
16,1.093192853161011,cosine_only,0.5398721810075813,0.3756134759616675,0.08451434303075119,100,0,no_policy,2,0.0,-0.00397686077914841,0.0,0.01263425587749912,172,1600
16,1.093192853161011,cosine_only,0.5398721810075813,0.3756134759616675,0.08451434303075119,100,0,cosine,2,0.0022522522522522522,0.004141798502896563,0.025,0.014338662987311637,172,1600
16,1.093192853161011,cosine_only,0.5398721810075813,0.3756134759616675,0.08451434303075119,100,0,capacity_aware,2,0.0,0.004054111958903377,0.0,0.006141276411546683,172,1600
16,1.093192853161011,cosine_only,0.5398721810075813,0.3756134759616675,0.08451434303075119,100,0,no_policy,3,0.02702702702702703,-0.003893414876729366,0.025,0.020412304196087982,167,1600
16,1.093192853161011,cosine_only,0.5398721810075813,0.3756134759616675,0.08451434303075119,100,0,cosine,3,0.02027027027027027,0.004918487799950526,0.05,0.018139761383004625,167,1600
16,1.093192853161011,cosine_only,0.5398721810075813,0.3756134759616675,0.08451434303075119,100,0,capacity_aware,3,0.0022522522522522522,0.0037577165202674224,0.025,0.007385764142520901,167,1600
17,1.4087381826481025,cosine_only,0.3130276253535119,0.3569324863710438,0.3300398882754443,100,0,no_policy,1,0.0,-0.004084702680411283,0.0,0.006839956275720164,183,1600
17,1.4087381826481025,cosine_only,0.3130276253535119,0.3569324863710438,0.3300398882754443,100,0,cosine,1,0.0,0.004359558705764357,0.0,0.010336291152263373,183,1600
17,1.4087381826481025,cosine_only,0.3130276253535119,0.3569324863710438,0.3300398882754443,100,0,capacity_aware,1,0.0,0.004407083013502415,0.0,0.0055860982510288065,183,1600
17,1.4087381826481025,cosine_only,0.3130276253535119,0.3569324863710438,0.3300398882754443,100,0,no_policy,2,0.0,-0.0017564049424254335,0.0,0.00955664866255144,172,1600
17,1.4087381826481025,cosine_only,0.3130276253535119,0.3569324863710438,0.3300398882754443,100,0,cosine,2,0.0,0.005670433326449711,0.0,0.008905606995884774,172,1600
17,1.4087381826481025,cosine_only,0.3130276253535119,0.3569324863710438,0.3300398882754443,100,0,capacity_aware,2,0.0,0.005889860664319712,0.0,0.0053851594650205755,172,1600
17,1.4087381826481025,cosine_only,0.3130276253535119,0.3569324863710438,0.3300398882754443,100,0,no_policy,3,0.006944444444444444,-0.007123764250864042,0.025,0.017529899691358024,167,1600
17,1.4087381826481025,cosine_only,0.3130276253535119,0.3569324863710438,0.3300398882754443,100,0,cosine,3,0.0,0.0018748765659984202,0.0,0.011381172839506173,167,1600
17,1.4087381826481025,cosine_only,0.3130276253535119,0.3569324863710438,0.3300398882754443,100,0,capacity_aware,3,0.0,0.0010471037818933838,0.0,0.0059076003086419755,167,1600
18,0.7161069043192189,cosine_only,0.1382726779050717,0.6548914046334603,0.206835917461468,100,0,no_policy,1,0.38888888888888884,-0.006033845737329102,0.9,0.03025334362139918,183,1600
18,0.7161069043192189,cosine_only,0.1382726779050717,0.6548914046334603,0.206835917461468,100,0,cosine,1,0.45138888888888884,0.007766862044009031,0.85,0.05272633744855967,183,1600
18,0.7161069043192189,cosine_only,0.1382726779050717,0.6548914046334603,0.206835917461468,100,0,capacity_aware,1,0.3680555555555556,0.004077775117839338,0.975,0.014338991769547326,183,1600
18,0.7161069043192189,cosine_only,0.1382726779050717,0.6548914046334603,0.206835917461468,100,0,no_policy,2,0.4305555555555555,-0.009185633619199506,0.85,0.03031764403292182,172,1600
18,0.7161069043192189,cosine_only,0.1382726779050717,0.6548914046334603,0.206835917461468,100,0,cosine,2,0.4236111111111111,0.005205761396136949,0.875,0.037647890946502054,172,1600
18,0.7161069043192189,cosine_only,0.1382726779050717,0.6548914046334603,0.206835917461468,100,0,capacity_aware,2,0.3333333333333333,0.00301843168817868,1.0,0.009966563786008234,172,1600
18,0.7161069043192189,cosine_only,0.1382726779050717,0.6548914046334603,0.206835917461468,100,0,no_policy,3,0.4583333333333333,-0.006381129548099124,0.85,0.046103395061728385,167,1600
18,0.7161069043192189,cosine_only,0.1382726779050717,0.6548914046334603,0.206835917461468,100,0,cosine,3,0.4618055555555555,0.007335023569321492,0.85,0.04330632716049382,167,1600
18,0.7161069043192189,cosine_only,0.1382726779050717,0.6548914046334603,0.206835917461468,100,0,capacity_aware,3,0.34027777777777785,0.0030129769870836753,0.975,0.010513117283950614,167,1600
19,0.719933759802105,cosine_only,0.027013353664765205,0.3677665681917967,0.605220078143438,100,0,no_policy,1,0.40972222222222215,-0.005251525355779449,0.9,0.036811985596707814,183,1600
19,0.719933759802105,cosine_only,0.027013353664765205,0.3677665681917967,0.605220078143438,100,0,cosine,1,0.46527777777777785,0.0009116963856649818,0.85,0.05176183127572017,183,1600
19,0.719933759802105,cosine_only,0.027013353664765205,0.3677665681917967,0.605220078143438,100,0,capacity_aware,1,0.3333333333333333,-0.000668076011861558,0.925,0.01183127572016461,183,1600
19,0.719933759802105,cosine_only,0.027013353664765205,0.3677665681917967,0.605220078143438,100,0,no_policy,2,0.43402777777777773,-0.004909012900898233,0.825,0.0365869341563786,172,1600
19,0.719933759802105,cosine_only,0.027013353664765205,0.3677665681917967,0.605220078143438,100,0,cosine,2,0.4930555555555555,0.0023957438857178204,0.85,0.05047582304526749,172,1600
19,0.719933759802105,cosine_only,0.027013353664765205,0.3677665681917967,0.605220078143438,100,0,capacity_aware,2,0.34027777777777773,0.0013146132518886589,0.975,0.012474279835390943,172,1600
19,0.719933759802105,cosine_only,0.027013353664765205,0.3677665681917967,0.605220078143438,100,0,no_policy,3,0.5173611111111113,-0.006789929279766511,0.8,0.08757716049382717,167,1600
19,0.719933759802105,cosine_only,0.027013353664765205,0.3677665681917967,0.605220078143438,100,0,cosine,3,0.513888888888889,0.0017056011060776655,0.825,0.07648533950617283,167,1600
19,0.719933759802105,cosine_only,0.027013353664765205,0.3677665681917967,0.605220078143438,100,0,capacity_aware,3,0.37500000000000006,-0.0018700533478113357,0.975,0.016203703703703706,167,1600
20,1.2157005333011703,cosine_only,0.8270685351023079,0.022325028048790344,0.15060643684890174,100,0,no_policy,1,0.0020325203252032522,-0.0012566374014568282,0.025,0.014067904906691344,183,1600
20,1.2157005333011703,cosine_only,0.8270685351023079,0.022325028048790344,0.15060643684890174,100,0,cosine,1,0.0020325203252032522,-0.0010378082805982559,0.025,0.014431445127459405,183,1600
20,1.2157005333011703,cosine_only,0.8270685351023079,0.022325028048790344,0.15060643684890174,100,0,capacity_aware,1,0.0020325203252032522,-0.0007754948466754286,0.025,0.013770462907881113,183,1600
20,1.2157005333011703,cosine_only,0.8270685351023079,0.022325028048790344,0.15060643684890174,100,0,no_policy,2,0.0,0.0015287875561625698,0.0,0.010586731883578997,172,1600
20,1.2157005333011703,cosine_only,0.8270685351023079,0.022325028048790344,0.15060643684890174,100,0,cosine,2,0.0,0.0018589652437367475,0.0,0.009066472778548924,172,1600
20,1.2157005333011703,cosine_only,0.8270685351023079,0.022325028048790344,0.15060643684890174,100,0,capacity_aware,2,0.0,0.0017268193993368187,0.0,0.009099521889527838,172,1600
20,1.2157005333011703,cosine_only,0.8270685351023079,0.022325028048790344,0.15060643684890174,100,0,no_policy,3,0.018292682926829267,0.0003210896562814014,0.025,0.018804944147002445,167,1600
20,1.2157005333011703,cosine_only,0.8270685351023079,0.022325028048790344,0.15060643684890174,100,0,cosine,3,0.014227642276422765,0.0008566382650315064,0.025,0.01592967149183687,167,1600
20,1.2157005333011703,cosine_only,0.8270685351023079,0.022325028048790344,0.15060643684890174,100,0,capacity_aware,3,0.012195121951219511,0.0007444278692855733,0.025,0.014772952607574856,167,1600
21,1.1934622505925645,cosine_only,0.10463109984093877,0.22961338998948755,0.6657555101695737,100,0,no_policy,1,0.0020325203252032522,-0.009554682586458512,0.025,0.014596690682353974,183,1600
21,1.1934622505925645,cosine_only,0.10463109984093877,0.22961338998948755,0.6657555101695737,100,0,cosine,1,0.0,-0.0033538411660993007,0.0,0.014332297794522659,183,1600
21,1.1934622505925645,cosine_only,0.10463109984093877,0.22961338998948755,0.6657555101695737,100,0,capacity_aware,1,0.0,-0.004076119112578453,0.0,0.00844955604027585,183,1600
21,1.1934622505925645,cosine_only,0.10463109984093877,0.22961338998948755,0.6657555101695737,100,0,no_policy,2,0.0,-0.005931928595528007,0.0,0.012734924097208451,172,1600
21,1.1934622505925645,cosine_only,0.10463109984093877,0.22961338998948755,0.6657555101695737,100,0,cosine,2,0.0,-0.0024395004418329338,0.0,0.014288232313217441,172,1600
21,1.1934622505925645,cosine_only,0.10463109984093877,0.22961338998948755,0.6657555101695737,100,0,capacity_aware,2,0.0,-0.002228056379535701,0.0,0.008570736113865203,172,1600
21,1.1934622505925645,cosine_only,0.10463109984093877,0.22961338998948755,0.6657555101695737,100,0,no_policy,3,0.026422764227642278,-0.008776316068542655,0.025,0.03133055720801111,167,1600
21,1.1934622505925645,cosine_only,0.10463109984093877,0.22961338998948755,0.6657555101695737,100,0,cosine,3,0.022357723577235773,-0.003544182825717144,0.025,0.02756295855641483,167,1600
21,1.1934622505925645,cosine_only,0.10463109984093877,0.22961338998948755,0.6657555101695737,100,0,capacity_aware,3,0.008130081300813009,-0.0040410612639971075,0.025,0.013285742613523699,167,1600
22,0.8053332873936478,cosine_only,0.561003078919908,0.14846293923204296,0.2905339818480491,100,0,no_policy,1,0.2623456790123457,-0.0002904738460347289,0.775,0.029924300157496326,183,1600
22,0.8053332873936478,cosine_only,0.561003078919908,0.14846293923204296,0.2905339818480491,100,0,cosine,1,0.24382716049382716,0.0015871672482899158,0.75,0.029467052786668696,183,1600
22,0.8053332873936478,cosine_only,0.561003078919908,0.14846293923204296,0.2905339818480491,100,0,capacity_aware,1,0.22839506172839508,0.000682238916560891,0.8,0.023141797490219992,183,1600
22,0.8053332873936478,cosine_only,0.561003078919908,0.14846293923204296,0.2905339818480491,100,0,no_policy,2,0.28086419753086417,-0.0026365527787129395,0.7,0.03127063963826653,172,1600
22,0.8053332873936478,cosine_only,0.561003078919908,0.14846293923204296,0.2905339818480491,100,0,cosine,2,0.2716049382716049,0.0007086297462228686,0.675,0.025326423817507496,172,1600
22,0.8053332873936478,cosine_only,0.561003078919908,0.14846293923204296,0.2905339818480491,100,0,capacity_aware,2,0.23765432098765435,-0.00012172116752481089,0.725,0.016486307981506885,172,1600
22,0.8053332873936478,cosine_only,0.561003078919908,0.14846293923204296,0.2905339818480491,100,0,no_policy,3,0.3580246913580247,-0.00042027211493405047,0.675,0.06973022405121171,167,1600
22,0.8053332873936478,cosine_only,0.561003078919908,0.14846293923204296,0.2905339818480491,100,0,cosine,3,0.31790123456790126,0.001895955469153705,0.675,0.050297210791037945,167,1600
22,0.8053332873936478,cosine_only,0.561003078919908,0.14846293923204296,0.2905339818480491,100,0,capacity_aware,3,0.28086419753086417,0.0004493697571888333,0.7,0.0319311080627953,167,1600
23,1.0250503989335724,cosine_only,0.10320183406770134,0.28172711461357725,0.6150710513187214,100,0,no_policy,1,0.030952380952380953,-0.007344199499857496,0.125,0.019032501889644744,183,1600
23,1.0250503989335724,cosine_only,0.10320183406770134,0.28172711461357725,0.6150710513187214,100,0,cosine,1,0.019047619047619046,-0.0013787909305392533,0.1,0.017808012093726375,183,1600
23,1.0250503989335724,cosine_only,0.10320183406770134,0.28172711461357725,0.6150710513187214,100,0,capacity_aware,1,0.0023809523809523807,-0.0022171677217556864,0.025,0.010325018896447465,183,1600
23,1.0250503989335724,cosine_only,0.10320183406770134,0.28172711461357725,0.6150710513187214,100,0,no_policy,2,0.023809523809523808,-0.007322989188687643,0.075,0.016840513983371122,172,1600
23,1.0250503989335724,cosine_only,0.10320183406770134,0.28172711461357725,0.6150710513187214,100,0,cosine,2,0.0047619047619047615,-0.0016694409669435117,0.025,0.014300831443688588,172,1600
23,1.0250503989335724,cosine_only,0.10320183406770134,0.28172711461357725,0.6150710513187214,100,0,capacity_aware,2,0.0023809523809523807,-0.0018844314552552532,0.025,0.011035525321239604,172,1600
23,1.0250503989335724,cosine_only,0.10320183406770134,0.28172711461357725,0.6150710513187214,100,0,no_policy,3,0.07619047619047618,-0.007556202199775725,0.125,0.044172335600907026,167,1600
23,1.0250503989335724,cosine_only,0.10320183406770134,0.28172711461357725,0.6150710513187214,100,0,cosine,3,0.08333333333333333,-0.0006749470217619091,0.15,0.0346031746031746,167,1600
23,1.0250503989335724,cosine_only,0.10320183406770134,0.28172711461357725,0.6150710513187214,100,0,capacity_aware,3,0.02619047619047619,-0.0023692486732034015,0.075,0.013877551020408158,167,1600
24,1.1763370646763618,cosine_only,0.4018673812445931,0.3279692221873192,0.27016339656808774,100,0,no_policy,1,0.0,-0.0011719011206878349,0.0,0.010613425925925927,183,1600
24,1.1763370646763618,cosine_only,0.4018673812445931,0.3279692221873192,0.27016339656808774,100,0,cosine,1,0.0020833333333333333,0.006043231904623098,0.025,0.013217592592592588,183,1600
24,1.1763370646763618,cosine_only,0.4018673812445931,0.3279692221873192,0.27016339656808774,100,0,capacity_aware,1,0.0,0.005365977506153285,0.0,0.00630787037037037,183,1600
24,1.1763370646763618,cosine_only,0.4018673812445931,0.3279692221873192,0.27016339656808774,100,0,no_policy,2,0.0,-0.006927577544556698,0.0,0.012164351851851852,172,1600
24,1.1763370646763618,cosine_only,0.4018673812445931,0.3279692221873192,0.27016339656808774,100,0,cosine,2,0.0,0.0009518486277374905,0.0,0.015150462962962968,172,1600
24,1.1763370646763618,cosine_only,0.4018673812445931,0.3279692221873192,0.27016339656808774,100,0,capacity_aware,2,0.0,0.000683284344850108,0.0,0.006053240740740741,172,1600
24,1.1763370646763618,cosine_only,0.4018673812445931,0.3279692221873192,0.27016339656808774,100,0,no_policy,3,0.020833333333333332,-0.005853551875115954,0.025,0.021041666666666667,167,1600
24,1.1763370646763618,cosine_only,0.4018673812445931,0.3279692221873192,0.27016339656808774,100,0,cosine,3,0.0062499999999999995,0.001246480960326153,0.025,0.016527777777777777,167,1600
24,1.1763370646763618,cosine_only,0.4018673812445931,0.3279692221873192,0.27016339656808774,100,0,capacity_aware,3,0.0,0.00046345572067366445,0.0,0.007326388888888887,167,1600
25,0.8147338535404086,cosine_only,0.19811501463098258,0.26173855781198224,0.5401464275570352,100,0,no_policy,1,0.22023809523809523,-0.004982248399974196,0.625,0.030446900982615266,183,1600
25,0.8147338535404086,cosine_only,0.19811501463098258,0.26173855781198224,0.5401464275570352,100,0,cosine,1,0.2351190476190476,0.0021878325404395584,0.675,0.029171390778533635,183,1600
25,0.8147338535404086,cosine_only,0.19811501463098258,0.26173855781198224,0.5401464275570352,100,0,capacity_aware,1,0.15476190476190474,7.63491169345798e-05,0.675,0.009897014361300074,183,1600
25,0.8147338535404086,cosine_only,0.19811501463098258,0.26173855781198224,0.5401464275570352,100,0,no_policy,2,0.2232142857142857,-0.004237197764014127,0.675,0.02475434618291761,172,1600
25,0.8147338535404086,cosine_only,0.19811501463098258,0.26173855781198224,0.5401464275570352,100,0,cosine,2,0.25892857142857145,0.001169697446312057,0.6,0.028793461829176113,172,1600
25,0.8147338535404086,cosine_only,0.19811501463098258,0.26173855781198224,0.5401464275570352,100,0,capacity_aware,2,0.16666666666666666,-0.0016310623232857323,0.725,0.01029856386999244,172,1600
25,0.8147338535404086,cosine_only,0.19811501463098258,0.26173855781198224,0.5401464275570352,100,0,no_policy,3,0.2827380952380953,-0.0063119811586511785,0.675,0.060515873015873016,167,1600
25,0.8147338535404086,cosine_only,0.19811501463098258,0.26173855781198224,0.5401464275570352,100,0,cosine,3,0.31249999999999994,0.0006950189503550064,0.575,0.05342970521541949,167,1600
25,0.8147338535404086,cosine_only,0.19811501463098258,0.26173855781198224,0.5401464275570352,100,0,capacity_aware,3,0.22023809523809523,-0.0013547517311235423,0.65,0.027636054421768707,167,1600
26,0.5517588730915411,cosine_only,0.2992413255876273,0.4840421230336589,0.2167165513787138,100,0,no_policy,1,0.7368421052631579,-0.0018121699878247454,1.0,0.04303888375910536,183,1600
26,0.5517588730915411,cosine_only,0.2992413255876273,0.4840421230336589,0.2167165513787138,100,0,cosine,1,0.7982456140350878,0.007101738746860065,0.95,0.06935467323278958,183,1600
26,0.5517588730915411,cosine_only,0.2992413255876273,0.4840421230336589,0.2167165513787138,100,0,capacity_aware,1,0.7149122807017544,0.005020753686549142,1.0,0.02857289422386375,183,1600
26,0.5517588730915411,cosine_only,0.2992413255876273,0.4840421230336589,0.2167165513787138,100,0,no_policy,2,0.7982456140350878,-0.00646416159463115,1.0,0.04868164563455422,172,1600
26,0.5517588730915411,cosine_only,0.2992413255876273,0.4840421230336589,0.2167165513787138,100,0,cosine,2,0.8421052631578947,0.0029894112938200126,0.95,0.07392018056838001,172,1600
26,0.5517588730915411,cosine_only,0.2992413255876273,0.4840421230336589,0.2167165513787138,100,0,capacity_aware,2,0.7017543859649122,-0.0003071110331802629,1.0,0.02590540679183338,172,1600
26,0.5517588730915411,cosine_only,0.2992413255876273,0.4840421230336589,0.2167165513787138,100,0,no_policy,3,0.8552631578947368,-0.007215695236081956,0.975,0.08294859956909818,167,1600
26,0.5517588730915411,cosine_only,0.2992413255876273,0.4840421230336589,0.2167165513787138,100,0,cosine,3,0.8508771929824562,0.0019812808957794916,0.975,0.08464142813173285,167,1600
26,0.5517588730915411,cosine_only,0.2992413255876273,0.4840421230336589,0.2167165513787138,100,0,capacity_aware,3,0.7456140350877193,0.0007711468222260009,1.0,0.03339489073561095,167,1600
27,1.0542613474782596,cosine_only,0.3253711979857721,0.10565340283770082,0.5689753991765271,100,0,no_policy,1,0.013888888888888888,-0.0047202925708552355,0.075,0.016318015546410606,183,1600
27,1.0542613474782596,cosine_only,0.3253711979857721,0.10565340283770082,0.5689753991765271,100,0,cosine,1,0.02314814814814815,-0.002106901237712009,0.075,0.021376314586191127,183,1600
27,1.0542613474782596,cosine_only,0.3253711979857721,0.10565340283770082,0.5689753991765271,100,0,capacity_aware,1,0.004629629629629629,-0.0027043104717449752,0.05,0.01447473708276177,183,1600
27,1.0542613474782596,cosine_only,0.3253711979857721,0.10565340283770082,0.5689753991765271,100,0,no_policy,2,0.02314814814814815,-0.009224740762583679,0.075,0.01857567443987197,172,1600
27,1.0542613474782596,cosine_only,0.3253711979857721,0.10565340283770082,0.5689753991765271,100,0,cosine,2,0.013888888888888888,-0.00653394262000802,0.075,0.018661408321902145,172,1600
27,1.0542613474782596,cosine_only,0.3253711979857721,0.10565340283770082,0.5689753991765271,100,0,capacity_aware,2,0.006944444444444444,-0.007251611887622858,0.05,0.015232053040695014,172,1600
27,1.0542613474782596,cosine_only,0.3253711979857721,0.10565340283770082,0.5689753991765271,100,0,no_policy,3,0.05787037037037037,-0.0059408993477700275,0.075,0.041452331961591225,167,1600
27,1.0542613474782596,cosine_only,0.3253711979857721,0.10565340283770082,0.5689753991765271,100,0,cosine,3,0.06018518518518518,-0.003376394909573719,0.075,0.03772290809327846,167,1600
27,1.0542613474782596,cosine_only,0.3253711979857721,0.10565340283770082,0.5689753991765271,100,0,capacity_aware,3,0.037037037037037035,-0.003758529720362276,0.075,0.02692043895747599,167,1600
28,1.3233081748185918,cosine_only,0.6644800405334317,0.09086335011770666,0.24465660934886163,100,0,no_policy,1,0.0,-0.0013589422172663034,0.0,0.008989483310470964,183,1600
28,1.3233081748185918,cosine_only,0.6644800405334317,0.09086335011770666,0.24465660934886163,100,0,cosine,1,0.0,4.343700056779198e-06,0.0,0.010059442158207593,183,1600
28,1.3233081748185918,cosine_only,0.6644800405334317,0.09086335011770666,0.24465660934886163,100,0,capacity_aware,1,0.0,-0.0005097077094978886,0.0,0.007892089620484682,183,1600
28,1.3233081748185918,cosine_only,0.6644800405334317,0.09086335011770666,0.24465660934886163,100,0,no_policy,2,0.0,-0.004671291264530737,0.0,0.011339734796524921,172,1600
28,1.3233081748185918,cosine_only,0.6644800405334317,0.09086335011770666,0.24465660934886163,100,0,cosine,2,0.0,-0.0026979585000663064,0.0,0.013150434385002288,172,1600
28,1.3233081748185918,cosine_only,0.6644800405334317,0.09086335011770666,0.24465660934886163,100,0,capacity_aware,2,0.0,-0.0031590585035155528,0.0,0.010791037951531782,172,1600
28,1.3233081748185918,cosine_only,0.6644800405334317,0.09086335011770666,0.24465660934886163,100,0,no_policy,3,0.009259259259259259,0.0005594304431724595,0.025,0.01665294924554184,167,1600
28,1.3233081748185918,cosine_only,0.6644800405334317,0.09086335011770666,0.24465660934886163,100,0,cosine,3,0.005555555555555556,0.0020066207857598784,0.025,0.01689986282578875,167,1600
28,1.3233081748185918,cosine_only,0.6644800405334317,0.09086335011770666,0.24465660934886163,100,0,capacity_aware,3,0.003703703703703704,0.001553170881306869,0.025,0.012674897119341567,167,1600
29,1.457804880728209,cosine_only,0.49638863520022514,0.38591658938146944,0.11769477541830542,100,0,no_policy,1,0.0,-0.006495224943428184,0.0,0.006392592592592591,183,1600
29,1.457804880728209,cosine_only,0.49638863520022514,0.38591658938146944,0.11769477541830542,100,0,cosine,1,0.0,0.0016770773260941496,0.0,0.008681481481481481,183,1600
29,1.457804880728209,cosine_only,0.49638863520022514,0.38591658938146944,0.11769477541830542,100,0,capacity_aware,1,0.0,0.0014538384917250368,0.0,0.0038370370370370377,183,1600
29,1.457804880728209,cosine_only,0.49638863520022514,0.38591658938146944,0.11769477541830542,100,0,no_policy,2,0.0,-0.004465116721694358,0.0,0.007985185185185185,172,1600
29,1.457804880728209,cosine_only,0.49638863520022514,0.38591658938146944,0.11769477541830542,100,0,cosine,2,0.0,0.004290935815079138,0.0,0.009985185185185185,172,1600
29,1.457804880728209,cosine_only,0.49638863520022514,0.38591658938146944,0.11769477541830542,100,0,capacity_aware,2,0.0,0.0034357586692203767,0.0,0.005807407407407404,172,1600
29,1.457804880728209,cosine_only,0.49638863520022514,0.38591658938146944,0.11769477541830542,100,0,no_policy,3,0.005,-0.003965754700329853,0.025,0.015133333333333334,167,1600
29,1.457804880728209,cosine_only,0.49638863520022514,0.38591658938146944,0.11769477541830542,100,0,cosine,3,0.0,0.005233863812391064,0.0,0.012244444444444445,167,1600
29,1.457804880728209,cosine_only,0.49638863520022514,0.38591658938146944,0.11769477541830542,100,0,capacity_aware,3,0.0,0.004555898694452481,0.0,0.005177777777777777,167,1600
30,0.9171042790166084,cosine_only,0.4593541805247733,0.11080068469877116,0.4298451347764556,100,0,no_policy,1,0.09139784946236558,-0.0030243325854826253,0.325,0.019462750992407598,183,1600
30,0.9171042790166084,cosine_only,0.4593541805247733,0.11080068469877116,0.4298451347764556,100,0,cosine,1,0.09139784946236558,-0.00030102407865342687,0.325,0.01992523220410838,183,1600
30,0.9171042790166084,cosine_only,0.4593541805247733,0.11080068469877116,0.4298451347764556,100,0,capacity_aware,1,0.06720430107526881,-0.0008905831143783871,0.3,0.016456623116352567,183,1600
30,0.9171042790166084,cosine_only,0.4593541805247733,0.11080068469877116,0.4298451347764556,100,0,no_policy,2,0.11827956989247312,-0.004568483555194689,0.375,0.022218368212124712,172,1600
30,0.9171042790166084,cosine_only,0.4593541805247733,0.11080068469877116,0.4298451347764556,100,0,cosine,2,0.11290322580645161,-0.0020495837174530607,0.375,0.022507418969437698,172,1600
30,0.9171042790166084,cosine_only,0.4593541805247733,0.11080068469877116,0.4298451347764556,100,0,capacity_aware,2,0.08870967741935486,-0.0026479262211069,0.35,0.01539677033953829,172,1600
30,0.9171042790166084,cosine_only,0.4593541805247733,0.11080068469877116,0.4298451347764556,100,0,no_policy,3,0.16129032258064516,-0.006343416260497179,0.375,0.0441091455659614,167,1600
30,0.9171042790166084,cosine_only,0.4593541805247733,0.11080068469877116,0.4298451347764556,100,0,cosine,3,0.17204301075268816,-0.003920754528953694,0.375,0.042663891779396466,167,1600
30,0.9171042790166084,cosine_only,0.4593541805247733,0.11080068469877116,0.4298451347764556,100,0,capacity_aware,3,0.12365591397849462,-0.0047445338785473724,0.325,0.027633252399121285,167,1600
31,1.3634567124311596,cosine_only,0.3420518208454852,0.5959476662794291,0.06200051287508574,100,0,no_policy,1,0.0,-0.0052916358879883775,0.0,0.008261569698242667,183,1600
31,1.3634567124311596,cosine_only,0.3420518208454852,0.5959476662794291,0.06200051287508574,100,0,cosine,1,0.0,0.00556842050558771,0.0,0.011674718196457328,183,1600
31,1.3634567124311596,cosine_only,0.3420518208454852,0.5959476662794291,0.06200051287508574,100,0,capacity_aware,1,0.0,0.005440812817832921,0.0,0.004585871315549953,183,1600
31,1.3634567124311596,cosine_only,0.3420518208454852,0.5959476662794291,0.06200051287508574,100,0,no_policy,2,0.0,-0.0040167828230187295,0.0,0.007570188335783801,172,1600
31,1.3634567124311596,cosine_only,0.3420518208454852,0.5959476662794291,0.06200051287508574,100,0,cosine,2,0.0,0.0073151077225338665,0.0,0.008594132885248197,172,1600
31,1.3634567124311596,cosine_only,0.3420518208454852,0.5959476662794291,0.06200051287508574,100,0,capacity_aware,2,0.0,0.006583829379815142,0.0,0.004498354687390603,172,1600
31,1.3634567124311596,cosine_only,0.3420518208454852,0.5959476662794291,0.06200051287508574,100,0,no_policy,3,0.0,-0.005308412734302692,0.0,0.010370720436883007,167,1600
31,1.3634567124311596,cosine_only,0.3420518208454852,0.5959476662794291,0.06200051287508574,100,0,cosine,3,0.0,0.006694374569779029,0.0,0.010370720436883009,167,1600
31,1.3634567124311596,cosine_only,0.3420518208454852,0.5959476662794291,0.06200051287508574,100,0,capacity_aware,3,0.0,0.005505041883443482,0.0,0.0027305187985717278,167,1600
32,0.7507187985681061,cosine_only,0.5071160626622191,0.008383466183340769,0.4845004711544402,100,0,no_policy,1,0.30448717948717946,-0.006816701785937767,0.75,0.031530791146175755,183,1600
32,0.7507187985681061,cosine_only,0.5071160626622191,0.008383466183340769,0.4845004711544402,100,0,cosine,1,0.3141025641025641,-0.006811422876708093,0.75,0.03301008108700416,183,1600
32,0.7507187985681061,cosine_only,0.5071160626622191,0.008383466183340769,0.4845004711544402,100,0,capacity_aware,1,0.30448717948717946,-0.006893116556384484,0.775,0.03128424282270435,183,1600
32,0.7507187985681061,cosine_only,0.5071160626622191,0.008383466183340769,0.4845004711544402,100,0,no_policy,2,0.3365384615384615,-0.004434253145300318,0.8,0.036269997808459346,172,1600
32,0.7507187985681061,cosine_only,0.5071160626622191,0.008383466183340769,0.4845004711544402,100,0,cosine,2,0.3397435897435897,-0.004284511761798057,0.8,0.035859083936007015,172,1600
32,0.7507187985681061,cosine_only,0.5071160626622191,0.008383466183340769,0.4845004711544402,100,0,capacity_aware,2,0.3397435897435897,-0.004315851673891302,0.775,0.03544817006355468,172,1600
32,0.7507187985681061,cosine_only,0.5071160626622191,0.008383466183340769,0.4845004711544402,100,0,no_policy,3,0.4166666666666667,-0.005781419655977516,0.7,0.07552596975673899,167,1600
32,0.7507187985681061,cosine_only,0.5071160626622191,0.008383466183340769,0.4845004711544402,100,0,cosine,3,0.4358974358974359,-0.005615409138699761,0.675,0.07864891518737673,167,1600
32,0.7507187985681061,cosine_only,0.5071160626622191,0.008383466183340769,0.4845004711544402,100,0,capacity_aware,3,0.43269230769230765,-0.005694161637075012,0.7,0.07897764628533861,167,1600
33,1.076753516308705,cosine_only,0.09307391110568725,0.6871085944070108,0.21981749448730198,100,0,no_policy,1,0.0022522522522522522,-0.006462782456655987,0.025,0.014068122176230284,183,1600
33,1.076753516308705,cosine_only,0.09307391110568725,0.6871085944070108,0.21981749448730198,100,0,cosine,1,0.011261261261261262,0.007549976287555183,0.025,0.015285555826096364,183,1600
33,1.076753516308705,cosine_only,0.09307391110568725,0.6871085944070108,0.21981749448730198,100,0,capacity_aware,1,0.0,0.006206946917955065,0.0,0.0037605172740307878,183,1600
33,1.076753516308705,cosine_only,0.09307391110568725,0.6871085944070108,0.21981749448730198,100,0,no_policy,2,0.0045045045045045045,-0.006754111545160413,0.025,0.01291832372913454,172,1600
33,1.076753516308705,cosine_only,0.09307391110568725,0.6871085944070108,0.21981749448730198,100,0,cosine,2,0.006756756756756757,0.009701119211822515,0.05,0.015961907853799747,172,1600
33,1.076753516308705,cosine_only,0.09307391110568725,0.6871085944070108,0.21981749448730198,100,0,capacity_aware,2,0.0,0.00929003366138204,0.0,0.005857208559911263,172,1600
33,1.076753516308705,cosine_only,0.09307391110568725,0.6871085944070108,0.21981749448730198,100,0,no_policy,3,0.031531531531531536,-0.00926331480499357,0.075,0.022441360279198116,167,1600
33,1.076753516308705,cosine_only,0.09307391110568725,0.6871085944070108,0.21981749448730198,100,0,cosine,3,0.024774774774774775,0.006904931491444586,0.075,0.024997970943916894,167,1600
33,1.076753516308705,cosine_only,0.09307391110568725,0.6871085944070108,0.21981749448730198,100,0,capacity_aware,3,0.0,0.0052481667368556376,0.0,0.004910315721126531,167,1600
34,0.9886738589380965,cosine_only,0.9307455724924303,0.02186066440236677,0.04739376310520291,100,0,no_policy,1,0.012254901960784312,-0.001020679909561295,0.075,0.01247917467640651,183,1600
34,0.9886738589380965,cosine_only,0.9307455724924303,0.02186066440236677,0.04739376310520291,100,0,cosine,1,0.017156862745098037,-0.00046144375315634536,0.075,0.012911700627963603,183,1600
34,0.9886738589380965,cosine_only,0.9307455724924303,0.02186066440236677,0.04739376310520291,100,0,capacity_aware,1,0.012254901960784312,-0.00047761103516677397,0.075,0.012190824042035114,183,1600
34,0.9886738589380965,cosine_only,0.9307455724924303,0.02186066440236677,0.04739376310520291,100,0,no_policy,2,0.022058823529411766,-0.0036153238864790184,0.1,0.015106369345123667,172,1600
34,0.9886738589380965,cosine_only,0.9307455724924303,0.02186066440236677,0.04739376310520291,100,0,cosine,2,0.017156862745098037,-0.002757726496347459,0.1,0.013808791490452386,172,1600
34,0.9886738589380965,cosine_only,0.9307455724924303,0.02186066440236677,0.04739376310520291,100,0,capacity_aware,2,0.014705882352941175,-0.0028111267941130793,0.075,0.013952966807638086,172,1600
34,0.9886738589380965,cosine_only,0.9307455724924303,0.02186066440236677,0.04739376310520291,100,0,no_policy,3,0.05882352941176471,0.0008853394646575907,0.175,0.02225105728565936,167,1600
34,0.9886738589380965,cosine_only,0.9307455724924303,0.02186066440236677,0.04739376310520291,100,0,cosine,3,0.05882352941176471,0.0014476243648823583,0.2,0.022923875432525945,167,1600
34,0.9886738589380965,cosine_only,0.9307455724924303,0.02186066440236677,0.04739376310520291,100,0,capacity_aware,3,0.05392156862745098,0.0013303674109192798,0.15,0.02220299884659746,167,1600
35,0.6850463191837012,cosine_only,0.6467873034366418,0.19808752647748026,0.15512517008587792,100,0,no_policy,1,0.46739130434782616,-0.0030180497209948954,0.9,0.03409647833088287,183,1600
35,0.6850463191837012,cosine_only,0.6467873034366418,0.19808752647748026,0.15512517008587792,100,0,cosine,1,0.47463768115942023,0.00047412051921128293,0.875,0.03609185745291605,183,1600
35,0.6850463191837012,cosine_only,0.6467873034366418,0.19808752647748026,0.15512517008587792,100,0,capacity_aware,1,0.42753623188405804,-0.0010065715566452127,0.95,0.022229223552474964,183,1600
35,0.6850463191837012,cosine_only,0.6467873034366418,0.19808752647748026,0.15512517008587792,100,0,no_policy,2,0.5036231884057971,-0.004077439718384994,0.875,0.037632150108520626,172,1600
35,0.6850463191837012,cosine_only,0.6467873034366418,0.19808752647748026,0.15512517008587792,100,0,cosine,2,0.5253623188405797,-0.0002412140171509236,0.975,0.0370020303857733,172,1600
35,0.6850463191837012,cosine_only,0.6467873034366418,0.19808752647748026,0.15512517008587792,100,0,capacity_aware,2,0.45652173913043476,-0.0013378877550712786,0.975,0.02187915703983757,172,1600
35,0.6850463191837012,cosine_only,0.6467873034366418,0.19808752647748026,0.15512517008587792,100,0,no_policy,3,0.536231884057971,0.0007759322100901045,0.9,0.051564797311489184,167,1600
35,0.6850463191837012,cosine_only,0.6467873034366418,0.19808752647748026,0.15512517008587792,100,0,cosine,3,0.49637681159420294,0.0041409650165587664,0.925,0.041482881747532035,167,1600
35,0.6850463191837012,cosine_only,0.6467873034366418,0.19808752647748026,0.15512517008587792,100,0,capacity_aware,3,0.4384057971014493,0.003479365388629958,0.975,0.02037387103549675,167,1600
36,0.5784402721530129,cosine_only,0.26883072418572385,0.0542201813845719,0.6769490944297043,100,0,no_policy,1,0.7125,-0.0039559046929207396,0.95,0.05523148148148149,183,1600
36,0.5784402721530129,cosine_only,0.26883072418572385,0.0542201813845719,0.6769490944297043,100,0,cosine,1,0.7374999999999999,-0.0027656090602249605,0.95,0.06509259259259259,183,1600
36,0.5784402721530129,cosine_only,0.26883072418572385,0.0542201813845719,0.6769490944297043,100,0,capacity_aware,1,0.7083333333333331,-0.002918842901053722,0.975,0.048842592592592604,183,1600
36,0.5784402721530129,cosine_only,0.26883072418572385,0.0542201813845719,0.6769490944297043,100,0,no_policy,2,0.7416666666666667,-0.00504727166480734,1.0,0.06532407407407409,172,1600
36,0.5784402721530129,cosine_only,0.26883072418572385,0.0542201813845719,0.6769490944297043,100,0,cosine,2,0.7875000000000001,-0.003966855878388742,0.95,0.08296296296296296,172,1600
36,0.5784402721530129,cosine_only,0.26883072418572385,0.0542201813845719,0.6769490944297043,100,0,capacity_aware,2,0.7458333333333332,-0.005768632749241078,1.0,0.05754629629629631,172,1600
36,0.5784402721530129,cosine_only,0.26883072418572385,0.0542201813845719,0.6769490944297043,100,0,no_policy,3,0.8583333333333333,-0.0063255805504013555,0.95,0.13694444444444445,167,1600
36,0.5784402721530129,cosine_only,0.26883072418572385,0.0542201813845719,0.6769490944297043,100,0,cosine,3,0.875,-0.004948591917564044,0.95,0.13875,167,1600
36,0.5784402721530129,cosine_only,0.26883072418572385,0.0542201813845719,0.6769490944297043,100,0,capacity_aware,3,0.8624999999999999,-0.0053949938684672814,0.95,0.13333333333333333,167,1600
37,0.9736209928365409,cosine_only,0.29444573879543817,0.31093808497334524,0.39461617623121664,100,0,no_policy,1,0.04545454545454545,-0.005688448968285229,0.175,0.01870557426112982,183,1600
37,0.9736209928365409,cosine_only,0.29444573879543817,0.31093808497334524,0.39461617623121664,100,0,cosine,1,0.04545454545454545,0.0020922368099854792,0.25,0.017991361425704854,183,1600
37,0.9736209928365409,cosine_only,0.29444573879543817,0.31093808497334524,0.39461617623121664,100,0,capacity_aware,1,0.0025252525252525255,0.0003882255397911649,0.025,0.0050845151855252865,183,1600
37,0.9736209928365409,cosine_only,0.29444573879543817,0.31093808497334524,0.39461617623121664,100,0,no_policy,2,0.05303030303030303,6.95842293498572e-05,0.2,0.017362173927830495,172,1600
37,0.9736209928365409,cosine_only,0.29444573879543817,0.31093808497334524,0.39461617623121664,100,0,cosine,2,0.06565656565656565,0.006735016224702121,0.225,0.020933238104955273,172,1600
37,0.9736209928365409,cosine_only,0.29444573879543817,0.31093808497334524,0.39461617623121664,100,0,capacity_aware,2,0.022727272727272724,0.006338549614592921,0.125,0.009556847940686322,172,1600
37,0.9736209928365409,cosine_only,0.29444573879543817,0.31093808497334524,0.39461617623121664,100,0,no_policy,3,0.09848484848484847,-0.007099882515904028,0.2,0.036577900214263846,167,1600
37,0.9736209928365409,cosine_only,0.29444573879543817,0.31093808497334524,0.39461617623121664,100,0,cosine,3,0.12878787878787878,0.000899942995456513,0.175,0.04065911641669217,167,1600
37,0.9736209928365409,cosine_only,0.29444573879543817,0.31093808497334524,0.39461617623121664,100,0,capacity_aware,3,0.030303030303030304,-0.00025232962536392734,0.075,0.010611162126313642,167,1600
38,0.6305607542302184,cosine_only,0.35785460865307195,0.23377032752764085,0.40837506381928723,100,0,no_policy,1,0.6190476190476192,-0.004171502729514031,0.9,0.056395397665238926,183,1600
38,0.6305607542302184,cosine_only,0.35785460865307195,0.23377032752764085,0.40837506381928723,100,0,cosine,1,0.6309523809523809,0.002517179865608341,0.9,0.0503485344755186,183,1600
38,0.6305607542302184,cosine_only,0.35785460865307195,0.23377032752764085,0.40837506381928723,100,0,capacity_aware,1,0.5952380952380952,0.0006085994643945014,0.975,0.03485344755186025,183,1600
38,0.6305607542302184,cosine_only,0.35785460865307195,0.23377032752764085,0.40837506381928723,100,0,no_policy,2,0.6507936507936508,-0.0022594998246495378,0.95,0.05005458973712942,172,1600
38,0.6305607542302184,cosine_only,0.35785460865307195,0.23377032752764085,0.40837506381928723,100,0,cosine,2,0.6309523809523809,0.002826191206040676,0.975,0.04677920550936423,172,1600
38,0.6305607542302184,cosine_only,0.35785460865307195,0.23377032752764085,0.40837506381928723,100,0,capacity_aware,2,0.5793650793650793,0.0015850962566764791,1.0,0.02460737381372301,172,1600
38,0.6305607542302184,cosine_only,0.35785460865307195,0.23377032752764085,0.40837506381928723,100,0,no_policy,3,0.7261904761904762,-0.00632876809919253,0.975,0.10909549004787099,167,1600
38,0.6305607542302184,cosine_only,0.35785460865307195,0.23377032752764085,0.40837506381928723,100,0,cosine,3,0.753968253968254,-0.0005658080003922805,0.925,0.09599395313681026,167,1600
38,0.6305607542302184,cosine_only,0.35785460865307195,0.23377032752764085,0.40837506381928723,100,0,capacity_aware,3,0.626984126984127,-0.0019475798023631797,0.975,0.03943058704963466,167,1600
39,1.4913148187251004,cosine_only,0.8063283972891813,0.18494593352146807,0.008725669189350669,100,0,no_policy,1,0.0,-0.0006746146306250011,0.0,0.005247269568684408,183,1600
39,1.4913148187251004,cosine_only,0.8063283972891813,0.18494593352146807,0.008725669189350669,100,0,cosine,1,0.0,0.003285229932880611,0.0,0.005183191649935211,183,1600
39,1.4913148187251004,cosine_only,0.8063283972891813,0.18494593352146807,0.008725669189350669,100,0,capacity_aware,1,0.0,0.0033425468722271035,0.0,0.003965711193700428,183,1600
39,1.4913148187251004,cosine_only,0.8063283972891813,0.18494593352146807,0.008725669189350669,100,0,no_policy,2,0.0,-0.0016750468919053674,0.0,0.007012972218662338,172,1600
39,1.4913148187251004,cosine_only,0.8063283972891813,0.18494593352146807,0.008725669189350669,100,0,cosine,2,0.0,0.001461153949421714,0.0,0.007995500306150058,172,1600
39,1.4913148187251004,cosine_only,0.8063283972891813,0.18494593352146807,0.008725669189350669,100,0,capacity_aware,2,0.0,0.0017425897734210593,0.0,0.006308115112421149,172,1600
39,1.4913148187251004,cosine_only,0.8063283972891813,0.18494593352146807,0.008725669189350669,100,0,no_policy,3,0.0,-0.001602860351340496,0.0,0.010423341449869707,167,1600
39,1.4913148187251004,cosine_only,0.8063283972891813,0.18494593352146807,0.008725669189350669,100,0,cosine,3,0.0,0.0014688727424800162,0.0,0.0074330385749070875,167,1600
39,1.4913148187251004,cosine_only,0.8063283972891813,0.18494593352146807,0.008725669189350669,100,0,capacity_aware,3,0.0,0.0010564835202967514,0.0,0.004805843906189927,167,1600
40,1.168982325138339,cosine_only,0.4411459124707361,0.4302525609865108,0.12860152654275303,100,0,no_policy,1,0.0,-0.0011509199529245962,0.0,0.010474537037037037,183,1600
40,1.168982325138339,cosine_only,0.4411459124707361,0.4302525609865108,0.12860152654275303,100,0,cosine,1,0.0,0.005684424475039123,0.0,0.015092592592592593,183,1600
40,1.168982325138339,cosine_only,0.4411459124707361,0.4302525609865108,0.12860152654275303,100,0,capacity_aware,1,0.0,0.004628117852989817,0.0,0.006307870370370371,183,1600
40,1.168982325138339,cosine_only,0.4411459124707361,0.4302525609865108,0.12860152654275303,100,0,no_policy,2,0.0,-0.005307812058817945,0.0,0.010046296296296296,172,1600
40,1.168982325138339,cosine_only,0.4411459124707361,0.4302525609865108,0.12860152654275303,100,0,cosine,2,0.0,0.0030815212606830756,0.0,0.009525462962962963,172,1600
40,1.168982325138339,cosine_only,0.4411459124707361,0.4302525609865108,0.12860152654275303,100,0,capacity_aware,2,0.0,0.002474418111160048,0.0,0.0052893518518518515,172,1600
40,1.168982325138339,cosine_only,0.4411459124707361,0.4302525609865108,0.12860152654275303,100,0,no_policy,3,0.016666666666666666,-0.0064481867200811395,0.025,0.017881944444444447,167,1600
40,1.168982325138339,cosine_only,0.4411459124707361,0.4302525609865108,0.12860152654275303,100,0,cosine,3,0.008333333333333333,0.004994138558104168,0.05,0.01545138888888889,167,1600
40,1.168982325138339,cosine_only,0.4411459124707361,0.4302525609865108,0.12860152654275303,100,0,capacity_aware,3,0.0,0.0038486199747421778,0.0,0.005416666666666667,167,1600
41,1.1521544077486239,cosine_only,0.5553864723503474,0.21296087384790455,0.23165265380174807,100,0,no_policy,1,0.0,-0.004619233015982899,0.0,0.011128156427301727,183,1600
41,1.1521544077486239,cosine_only,0.5553864723503474,0.21296087384790455,0.23165265380174807,100,0,cosine,1,0.0,1.50615768507123e-05,0.0,0.012589183529354467,183,1600
41,1.1521544077486239,cosine_only,0.5553864723503474,0.21296087384790455,0.23165265380174807,100,0,capacity_aware,1,0.0,-0.000514754971372895,0.0,0.009009667129325246,183,1600
41,1.1521544077486239,cosine_only,0.5553864723503474,0.21296087384790455,0.23165265380174807,100,0,no_policy,2,0.0,-0.0046163798567431516,0.0,0.01202912314023425,172,1600
41,1.1521544077486239,cosine_only,0.5553864723503474,0.21296087384790455,0.23165265380174807,100,0,cosine,2,0.0021367521367521365,0.0007702047406928613,0.025,0.010421993327976234,172,1600
41,1.1521544077486239,cosine_only,0.5553864723503474,0.21296087384790455,0.23165265380174807,100,0,capacity_aware,2,0.0,-0.00015681828081142156,0.0,0.00896096622592349,172,1600
41,1.1521544077486239,cosine_only,0.5553864723503474,0.21296087384790455,0.23165265380174807,100,0,no_policy,3,0.023504273504273504,-0.002003581911849324,0.025,0.02133099568997005,167,1600
41,1.1521544077486239,cosine_only,0.5553864723503474,0.21296087384790455,0.23165265380174807,100,0,cosine,3,0.019230769230769232,0.0011536034525488504,0.025,0.018116736065454015,167,1600
41,1.1521544077486239,cosine_only,0.5553864723503474,0.21296087384790455,0.23165265380174807,100,0,capacity_aware,3,0.008547008547008546,0.0005039415080682375,0.025,0.010154138359266566,167,1600
42,1.2951864187783158,cosine_only,0.7535134267349675,0.059820610784632355,0.18666596248040007,100,0,no_policy,1,0.0,-0.0010030119026487227,0.0,0.010981022344658706,183,1600
42,1.2951864187783158,cosine_only,0.7535134267349675,0.059820610784632355,0.18666596248040007,100,0,cosine,1,0.0,-1.1642581521300599e-05,0.0,0.011727119681665135,183,1600
42,1.2951864187783158,cosine_only,0.7535134267349675,0.059820610784632355,0.18666596248040007,100,0,capacity_aware,1,0.0,-0.00018974730497575365,0.0,0.011210590756045302,183,1600
42,1.2951864187783158,cosine_only,0.7535134267349675,0.059820610784632355,0.18666596248040007,100,0,no_policy,2,0.0,-0.00526634572117473,0.0,0.01145928986838078,172,1600
42,1.2951864187783158,cosine_only,0.7535134267349675,0.059820610784632355,0.18666596248040007,100,0,cosine,2,0.0,-0.003479311369592324,0.0,0.01134450566268748,172,1600
42,1.2951864187783158,cosine_only,0.7535134267349675,0.059820610784632355,0.18666596248040007,100,0,capacity_aware,2,0.0,-0.0036450604160199874,0.0,0.01071319253137435,172,1600
42,1.2951864187783158,cosine_only,0.7535134267349675,0.059820610784632355,0.18666596248040007,100,0,no_policy,3,0.013257575757575758,-0.0019167885545175523,0.025,0.018767217630854,167,1600
42,1.2951864187783158,cosine_only,0.7535134267349675,0.059820610784632355,0.18666596248040007,100,0,cosine,3,0.011363636363636362,3.1906641088426116e-05,0.025,0.018595041322314054,167,1600
42,1.2951864187783158,cosine_only,0.7535134267349675,0.059820610784632355,0.18666596248040007,100,0,capacity_aware,3,0.00946969696969697,-1.5686716069467365e-05,0.025,0.01672979797979798,167,1600
43,0.7927077953400528,cosine_only,0.16477187250608238,0.5383150463206063,0.2969130811733113,100,0,no_policy,1,0.22839506172839505,-0.006447153098852141,0.775,0.02138901590204745,183,1600
43,0.7927077953400528,cosine_only,0.16477187250608238,0.5383150463206063,0.2969130811733113,100,0,cosine,1,0.28703703703703703,0.003398675532225752,0.675,0.03617334755880709,183,1600
43,0.7927077953400528,cosine_only,0.16477187250608238,0.5383150463206063,0.2969130811733113,100,0,capacity_aware,1,0.17592592592592593,0.0007048739276069682,0.825,0.006223644769598131,183,1600
43,0.7927077953400528,cosine_only,0.16477187250608238,0.5383150463206063,0.2969130811733113,100,0,no_policy,2,0.2716049382716049,-0.004916567303298507,0.7,0.02517400802723162,172,1600
43,0.7927077953400528,cosine_only,0.16477187250608238,0.5383150463206063,0.2969130811733113,100,0,cosine,2,0.30864197530864196,0.006662144844303839,0.675,0.0358431133465427,172,1600
43,0.7927077953400528,cosine_only,0.16477187250608238,0.5383150463206063,0.2969130811733113,100,0,capacity_aware,2,0.20679012345679015,0.0036297251566429624,0.8,0.009017934257989134,172,1600
43,0.7927077953400528,cosine_only,0.16477187250608238,0.5383150463206063,0.2969130811733113,100,0,no_policy,3,0.2962962962962963,-0.004447561985507491,0.675,0.04679164761469288,167,1600
43,0.7927077953400528,cosine_only,0.16477187250608238,0.5383150463206063,0.2969130811733113,100,0,cosine,3,0.3086419753086419,0.006747947163166828,0.65,0.03734186861758878,167,1600
43,0.7927077953400528,cosine_only,0.16477187250608238,0.5383150463206063,0.2969130811733113,100,0,capacity_aware,3,0.16666666666666666,0.004445854571677046,0.9,0.004496265813138241,167,1600
44,1.2996399484971346,cosine_only,0.22093443115303796,0.39675797545442454,0.38230759339253745,100,0,no_policy,1,0.0,-0.004235630526018212,0.0,0.009402739516375882,183,1600
44,1.2996399484971346,cosine_only,0.22093443115303796,0.39675797545442454,0.38230759339253745,100,0,cosine,1,0.0,0.004863274080635165,0.0,0.015773262932353843,183,1600
44,1.2996399484971346,cosine_only,0.22093443115303796,0.39675797545442454,0.38230759339253745,100,0,capacity_aware,1,0.0,0.0038894012387754627,0.0,0.006131389654116926,183,1600
44,1.2996399484971346,cosine_only,0.22093443115303796,0.39675797545442454,0.38230759339253745,100,0,no_policy,2,0.0,-0.007015106363687664,0.0,0.009364478114478115,172,1600
44,1.2996399484971346,cosine_only,0.22093443115303796,0.39675797545442454,0.38230759339253745,100,0,cosine,2,0.0,0.004145413904916495,0.0,0.010541016222834404,172,1600
44,1.2996399484971346,cosine_only,0.22093443115303796,0.39675797545442454,0.38230759339253745,100,0,capacity_aware,2,0.0,0.004068202240305254,0.0,0.005920951943679219,172,1600
44,1.2996399484971346,cosine_only,0.22093443115303796,0.39675797545442454,0.38230759339253745,100,0,no_policy,3,0.013257575757575758,-0.008130807053457829,0.025,0.020259412304866855,167,1600
44,1.2996399484971346,cosine_only,0.22093443115303796,0.39675797545442454,0.38230759339253745,100,0,cosine,3,0.0,-0.00044625609669310504,0.0,0.015381083562901743,167,1600
44,1.2996399484971346,cosine_only,0.22093443115303796,0.39675797545442454,0.38230759339253745,100,0,capacity_aware,3,0.0,-0.0015329978069348726,0.0,0.0065140036730945835,167,1600
45,1.3950436098066925,cosine_only,0.07214049868974343,0.6074373941970732,0.32042210711318336,100,0,no_policy,1,0.0,-0.009243262487143512,0.0,0.007938903140351759,183,1600
45,1.3950436098066925,cosine_only,0.07214049868974343,0.6074373941970732,0.32042210711318336,100,0,cosine,1,0.0,0.0024531691188167315,0.0,0.009950874369163186,183,1600
45,1.3950436098066925,cosine_only,0.07214049868974343,0.6074373941970732,0.32042210711318336,100,0,capacity_aware,1,0.0,0.0018852205404255072,0.0,0.00424190600741076,183,1600
45,1.3950436098066925,cosine_only,0.07214049868974343,0.6074373941970732,0.32042210711318336,100,0,no_policy,2,0.0,-0.004624557065253612,0.0,0.008332914172660666,172,1600
45,1.3950436098066925,cosine_only,0.07214049868974343,0.6074373941970732,0.32042210711318336,100,0,cosine,2,0.0,0.00647770454394049,0.0,0.00830776453230052,172,1600
45,1.3950436098066925,cosine_only,0.07214049868974343,0.6074373941970732,0.32042210711318336,100,0,capacity_aware,2,0.0,0.006834730461559957,0.0,0.0034538839427929505,172,1600
45,1.3950436098066925,cosine_only,0.07214049868974343,0.6074373941970732,0.32042210711318336,100,0,no_policy,3,0.005319148936170213,-0.008515784599876498,0.025,0.015995171269050854,167,1600
45,1.3950436098066925,cosine_only,0.07214049868974343,0.6074373941970732,0.32042210711318336,100,0,cosine,3,0.0,0.004717074472864624,0.0,0.017152054725617424,167,1600
45,1.3950436098066925,cosine_only,0.07214049868974343,0.6074373941970732,0.32042210711318336,100,0,capacity_aware,3,0.0,0.0037689411907922475,0.0,0.004627533826266284,167,1600
46,1.254315232150086,cosine_only,0.1822137626123962,0.556367183521313,0.26141905386629083,100,0,no_policy,1,0.0,-0.009388743076488026,0.0,0.010836688500290445,183,1600
46,1.254315232150086,cosine_only,0.1822137626123962,0.556367183521313,0.26141905386629083,100,0,cosine,1,0.0,0.00131214350774826,0.0,0.01450233359373435,183,1600
46,1.254315232150086,cosine_only,0.1822137626123962,0.556367183521313,0.26141905386629083,100,0,capacity_aware,1,0.0,0.0007211952822399326,0.0,0.0061194239128257505,183,1600
46,1.254315232150086,cosine_only,0.1822137626123962,0.556367183521313,0.26141905386629083,100,0,no_policy,2,0.0,-0.004273077870748238,0.0,0.00905394307233139,172,1600
46,1.254315232150086,cosine_only,0.1822137626123962,0.556367183521313,0.26141905386629083,100,0,cosine,2,0.0,0.007562244296859717,0.0,0.012419125453197927,172,1600
46,1.254315232150086,cosine_only,0.1822137626123962,0.556367183521313,0.26141905386629083,100,0,capacity_aware,2,0.0,0.006997231154382461,0.0,0.005177974080083328,172,1600
46,1.254315232150086,cosine_only,0.1822137626123962,0.556367183521313,0.26141905386629083,100,0,no_policy,3,0.011627906976744186,-0.008760691341958591,0.025,0.018448410552250466,167,1600
46,1.254315232150086,cosine_only,0.1822137626123962,0.556367183521313,0.26141905386629083,100,0,cosine,3,0.011627906976744186,0.0038468318316881777,0.025,0.017697253770807046,167,1600
46,1.254315232150086,cosine_only,0.1822137626123962,0.556367183521313,0.26141905386629083,100,0,capacity_aware,3,0.0,0.0026192073103447912,0.0,0.006790457304248543,167,1600
47,1.0028486039901976,cosine_only,0.6859280876849057,0.2891575937080756,0.02491431860701871,100,0,no_policy,1,0.0196078431372549,-0.0035587474693602418,0.125,0.014017044726387281,183,1600
47,1.0028486039901976,cosine_only,0.6859280876849057,0.2891575937080756,0.02491431860701871,100,0,cosine,1,0.02941176470588235,0.0021239707914355675,0.125,0.01858259643726771,183,1600
47,1.0028486039901976,cosine_only,0.6859280876849057,0.2891575937080756,0.02491431860701871,100,0,capacity_aware,1,0.004901960784313725,0.001232496531592915,0.025,0.007384980135845186,183,1600
47,1.0028486039901976,cosine_only,0.6859280876849057,0.2891575937080756,0.02491431860701871,100,0,no_policy,2,0.041666666666666664,-0.002015318499397836,0.15,0.017797641932590025,172,1600
47,1.0028486039901976,cosine_only,0.6859280876849057,0.2891575937080756,0.02491431860701871,100,0,cosine,2,0.029411764705882356,0.005670872306000092,0.175,0.013135973343585796,172,1600
47,1.0028486039901976,cosine_only,0.6859280876849057,0.2891575937080756,0.02491431860701871,100,0,capacity_aware,2,0.0024509803921568627,0.005220701496655238,0.025,0.006696142509291299,172,1600
47,1.0028486039901976,cosine_only,0.6859280876849057,0.2891575937080756,0.02491431860701871,100,0,no_policy,3,0.06127450980392157,-0.000496815954320482,0.15,0.023740868896578237,167,1600
47,1.0028486039901976,cosine_only,0.6859280876849057,0.2891575937080756,0.02491431860701871,100,0,cosine,3,0.07598039215686275,0.0044611405730393015,0.15,0.028018069973087274,167,1600
47,1.0028486039901976,cosine_only,0.6859280876849057,0.2891575937080756,0.02491431860701871,100,0,capacity_aware,3,0.022058823529411766,0.003530402170799789,0.075,0.010284505959246442,167,1600
48,1.4694230434024766,cosine_only,0.2240847438551189,0.27077751396319855,0.5051377421816826,100,0,no_policy,1,0.0,-0.009599599157081685,0.0,0.008148148148148146,183,1600
48,1.4694230434024766,cosine_only,0.2240847438551189,0.27077751396319855,0.5051377421816826,100,0,cosine,1,0.0,-0.003991093471558998,0.0,0.007592592592592592,183,1600
48,1.4694230434024766,cosine_only,0.2240847438551189,0.27077751396319855,0.5051377421816826,100,0,capacity_aware,1,0.0,-0.003936914887599414,0.0,0.004525925925925925,183,1600
48,1.4694230434024766,cosine_only,0.2240847438551189,0.27077751396319855,0.5051377421816826,100,0,no_policy,2,0.0,-0.0066878314191126265,0.0,0.007518518518518518,172,1600
48,1.4694230434024766,cosine_only,0.2240847438551189,0.27077751396319855,0.5051377421816826,100,0,cosine,2,0.0,-0.001621690828615101,0.0,0.008185185185185186,172,1600
48,1.4694230434024766,cosine_only,0.2240847438551189,0.27077751396319855,0.5051377421816826,100,0,capacity_aware,2,0.0,-0.0016640630729671101,0.0,0.00482962962962963,172,1600
48,1.4694230434024766,cosine_only,0.2240847438551189,0.27077751396319855,0.5051377421816826,100,0,no_policy,3,0.01,-0.005538061312981881,0.025,0.02164444444444445,167,1600
48,1.4694230434024766,cosine_only,0.2240847438551189,0.27077751396319855,0.5051377421816826,100,0,cosine,3,0.0,3.5812665009871127e-06,0.0,0.016955555555555554,167,1600
48,1.4694230434024766,cosine_only,0.2240847438551189,0.27077751396319855,0.5051377421816826,100,0,capacity_aware,3,0.0,-0.001037351850536652,0.0,0.008422222222222222,167,1600
49,0.6094764471510683,cosine_only,0.30489611337966077,0.4181915839555625,0.2769123026647767,100,0,no_policy,1,0.5912698412698413,-0.0035514082165900617,0.95,0.04102628705803308,183,1600
49,0.6094764471510683,cosine_only,0.30489611337966077,0.4181915839555625,0.2769123026647767,100,0,cosine,1,0.6031746031746033,0.0034654996855533683,0.925,0.04644326866549089,183,1600
49,0.6094764471510683,cosine_only,0.30489611337966077,0.4181915839555625,0.2769123026647767,100,0,capacity_aware,1,0.5595238095238095,0.0019602351382491177,0.975,0.023893508020492144,183,1600
49,0.6094764471510683,cosine_only,0.30489611337966077,0.4181915839555625,0.2769123026647767,100,0,no_policy,2,0.6349206349206349,-0.005097087079484482,0.975,0.04312589233224153,172,1600
49,0.6094764471510683,cosine_only,0.30489611337966077,0.4181915839555625,0.2769123026647767,100,0,cosine,2,0.6190476190476191,0.003275119298195932,1.0,0.03796086335768875,172,1600
49,0.6094764471510683,cosine_only,0.30489611337966077,0.4181915839555625,0.2769123026647767,100,0,capacity_aware,2,0.5515873015873015,0.0019514427459216676,1.0,0.01893843957336021,172,1600
49,0.6094764471510683,cosine_only,0.30489611337966077,0.4181915839555625,0.2769123026647767,100,0,no_policy,3,0.7023809523809524,-0.002633026434778003,0.975,0.10128495842781556,167,1600
49,0.6094764471510683,cosine_only,0.30489611337966077,0.4181915839555625,0.2769123026647767,100,0,cosine,3,0.6388888888888888,0.005717715057180613,0.975,0.0490047871000252,167,1600
49,0.6094764471510683,cosine_only,0.30489611337966077,0.4181915839555625,0.2769123026647767,100,0,capacity_aware,3,0.6031746031746031,0.0045481227382697395,1.0,0.02569916855631141,167,1600
